Date,Symbol,Open,High,Low,Close,Volume,DeliveryQty,DeliveryPercent,Sector,MarketCap
2025-10-01,BEL,99.93,101.1,98.96,99.84,1214352,657477,54.14,Defence,mid
2025-10-02,BEL,100.97,102.28,99.52,101.05,1027942,485885,47.27,Defence,mid
2025-10-03,BEL,99.71,100.89,98.23,99.47,1250973,859327,68.69,Defence,mid
2025-10-06,BEL,98.48,99.44,97.55,98.69,1343387,701788,52.24,Defence,mid
2025-10-07,BEL,99.86,100.28,98.43,99.09,1072290,638441,59.54,Defence,mid
2025-10-08,BEL,98.44,99.2,97.76,98.57,1023840,513445,50.15,Defence,mid
2025-10-09,BEL,98.48,98.74,97.5,98.23,1181273,620099,52.49,Defence,mid
2025-10-10,BEL,98.75,99.0,97.74,98.75,1210078,809281,66.88,Defence,mid
2025-10-13,BEL,98.4,99.33,97.51,98.74,1167249,746205,63.93,Defence,mid
2025-10-14,BEL,99.49,100.97,97.79,99.5,1305828,774690,59.33,Defence,mid
2025-10-15,BEL,99.79,100.91,99.44,100.21,1231958,694887,56.41,Defence,mid
2025-10-16,BEL,101.55,101.62,101.33,101.61,1024267,640548,62.54,Defence,mid
2025-10-17,BEL,99.1,100.04,98.6,99.78,1154316,712401,61.72,Defence,mid
2025-10-20,BEL,101.09,102.07,99.84,100.98,1023581,657198,64.21,Defence,mid
2025-10-21,BEL,102.53,102.9,101.38,101.6,1032232,580420,56.23,Defence,mid
2025-10-22,BEL,98.79,100.38,98.28,99.7,1111368,615502,55.38,Defence,mid
2025-10-23,BEL,98.71,100.27,97.23,98.49,1070487,543795,50.8,Defence,mid
2025-10-24,BEL,99.03,100.26,98.05,98.71,1001637,555644,55.47,Defence,mid
2025-10-27,BEL,97.68,99.38,96.24,97.94,1206196,729022,60.44,Defence,mid
2025-10-28,BEL,97.17,98.72,96.22,97.89,1349805,876655,64.95,Defence,mid
2025-10-29,BEL,97.35,98.49,95.69,97.22,1024899,478460,46.68,Defence,mid
2025-10-30,BEL,97.73,98.72,96.57,97.46,1000093,487861,48.78,Defence,mid
2025-10-31,BEL,98.04,99.56,96.33,98.3,1245627,606791,48.71,Defence,mid
2025-11-03,BEL,98.81,99.83,97.57,98.39,1339574,935391,69.83,Defence,mid
2025-11-04,BEL,97.41,98.47,96.21,97.38,1137054,586935,51.62,Defence,mid
2025-11-05,BEL,97.14,98.48,95.59,97.75,1211302,589480,48.66,Defence,mid
2025-11-06,BEL,97.78,98.58,97.28,97.63,1345330,839552,62.4,Defence,mid
2025-11-07,BEL,98.12,99.11,96.27,97.66,1213036,782121,64.48,Defence,mid
2025-11-10,BEL,96.53,98.71,95.92,97.43,1341051,873721,65.15,Defence,mid
2025-11-11,BEL,98.13,98.44,97.12,98.19,1142225,522276,45.72,Defence,mid
2025-11-12,BEL,99.58,100.13,98.12,99.07,1382606,776757,56.18,Defence,mid
2025-11-13,BEL,101.28,102.33,100.41,101.89,1088184,551395,50.67,Defence,mid
2025-11-14,BEL,102.31,103.57,101.98,102.22,1336174,761443,56.99,Defence,mid
2025-11-17,BEL,100.8,101.54,99.62,101.27,1363910,880507,64.56,Defence,mid
2025-11-18,BEL,101.37,101.81,99.97,101.37,1133006,736687,65.02,Defence,mid
2025-11-19,BEL,103.37,103.41,102.46,102.48,1289919,635286,49.25,Defence,mid
2025-11-20,BEL,102.39,104.23,101.19,102.99,1058469,695019,65.66,Defence,mid
2025-11-21,BEL,105.05,105.54,103.93,104.59,1052393,477324,45.36,Defence,mid
2025-11-24,BEL,106.44,107.1,106.02,106.18,1173523,783837,66.79,Defence,mid
2025-11-25,BEL,106.73,107.36,105.56,106.62,1096215,654012,59.66,Defence,mid
2025-11-26,BEL,107.06,108.29,104.8,106.67,1141513,644430,56.45,Defence,mid
2025-11-27,BEL,105.34,105.25,104.75,104.77,1200659,699931,58.3,Defence,mid
2025-11-28,BEL,104.9,105.71,103.94,104.67,1001572,650814,64.98,Defence,mid
2025-12-01,BEL,105.25,106.92,104.39,105.34,1130392,655160,57.96,Defence,mid
2025-12-02,BEL,103.54,104.43,102.15,103.71,1099397,570839,51.92,Defence,mid
2025-12-03,BEL,103.88,104.41,103.76,103.98,1364995,765505,56.08,Defence,mid
2025-12-04,BEL,103.31,103.78,102.91,103.15,1180938,688866,58.33,Defence,mid
2025-12-05,BEL,100.47,101.99,100.13,100.82,1376872,708948,51.49,Defence,mid
2025-12-08,BEL,98.25,99.22,97.54,98.67,1048648,587798,56.05,Defence,mid
2025-12-09,BEL,99.37,100.58,97.77,99.43,1313574,885685,67.43,Defence,mid
2025-12-10,BEL,100.68,102.08,99.56,100.42,1353133,936214,69.19,Defence,mid
2025-12-11,BEL,102.04,103.22,100.45,100.99,1395948,918688,65.81,Defence,mid
2025-12-12,BEL,102.09,103.13,101.1,101.66,1078297,571099,52.96,Defence,mid
2025-12-15,BEL,101.82,102.64,101.22,101.72,1007232,536728,53.29,Defence,mid
2025-12-16,BEL,100.41,101.54,98.6,100.96,1315345,911434,69.29,Defence,mid
2025-12-17,BEL,101.51,102.95,99.81,101.68,1108178,534572,48.24,Defence,mid
2025-12-18,BEL,99.78,101.32,98.65,99.81,1059747,720408,67.98,Defence,mid
2025-12-19,BEL,98.33,99.17,97.38,98.51,1275282,709476,55.63,Defence,mid
2025-12-22,BEL,100.85,102.23,100.29,100.7,1033497,686301,66.41,Defence,mid
2025-12-23,BEL,103.14,104.07,102.05,102.63,1221225,832469,68.17,Defence,mid
2025-12-24,BEL,102.96,103.97,102.02,102.67,1043780,511830,49.04,Defence,mid
2025-12-25,BEL,103.81,104.57,102.56,103.43,1303799,681222,52.25,Defence,mid
2025-12-26,BEL,102.96,103.92,101.91,102.89,1100179,499301,45.38,Defence,mid
2025-12-29,BEL,102.74,103.23,101.61,102.85,1373857,654739,47.66,Defence,mid
2025-12-30,BEL,103.67,103.95,103.36,103.41,1157234,667343,57.67,Defence,mid
2025-12-31,BEL,102.8,102.72,101.9,102.4,1282690,781150,60.9,Defence,mid
2026-01-01,BEL,101.78,103.0,100.45,101.72,1028289,653192,63.52,Defence,mid
2026-01-02,BEL,101.82,103.12,99.94,101.8,1348215,832705,61.76,Defence,mid
2026-01-05,BEL,102.34,103.14,100.88,101.75,1063013,596835,56.15,Defence,mid
2026-01-06,BEL,101.9,103.94,99.99,101.63,1097778,759022,69.14,Defence,mid
2026-01-07,BEL,101.36,102.84,99.88,101.39,1189857,684989,57.57,Defence,mid
2026-01-08,BEL,101.95,103.45,100.43,101.85,1035901,569618,54.99,Defence,mid
2026-01-09,BEL,102.45,103.21,101.27,102.16,1234233,718690,58.23,Defence,mid
2026-01-12,BEL,101.39,102.54,101.47,102.27,1155806,614349,53.15,Defence,mid
2026-01-13,BEL,102.56,103.95,102.04,102.95,1017515,670361,65.88,Defence,mid
2026-01-14,BEL,103.43,104.76,103.24,104.18,1055723,613311,58.09,Defence,mid
2026-01-15,BEL,101.59,103.3,100.96,102.31,1233624,830484,67.32,Defence,mid
2026-01-16,BEL,101.48,102.07,100.73,101.77,1053237,568934,54.02,Defence,mid
2026-01-19,BEL,103.88,105.03,103.04,103.4,1250490,775511,62.02,Defence,mid
2026-01-20,BEL,102.8,104.45,102.13,103.42,1201188,701253,58.38,Defence,mid
2026-01-21,BEL,103.01,104.19,102.31,103.31,1029779,531767,51.64,Defence,mid
2026-01-22,BEL,102.36,104.01,102.38,103.33,1197579,653447,54.56,Defence,mid
2026-01-23,BEL,101.47,103.0,100.78,101.88,1257105,590044,46.94,Defence,mid
2026-01-26,BEL,102.35,103.78,101.44,102.45,1227104,556022,45.31,Defence,mid
2026-01-27,BEL,103.14,104.49,102.64,103.3,4064905,6799306,167.27,Defence,mid
2026-01-28,BEL,102.38,103.22,101.48,102.26,4343888,6947614,159.94,Defence,mid
2026-01-29,BEL,104.4,105.61,103.11,104.74,4249469,9410392,221.45,Defence,mid
2026-01-30,BEL,104.69,105.22,102.7,104.05,3469707,6610409,190.52,Defence,mid
2025-10-01,HAL,100.93,102.35,99.6,100.87,1328086,766552,57.72,Defence,mid
2025-10-02,HAL,102.48,102.66,101.01,102.16,1194456,544921,45.62,Defence,mid
2025-10-03,HAL,103.75,104.5,102.83,103.45,1056282,566156,53.6,Defence,mid
2025-10-06,HAL,102.78,104.68,100.87,102.75,1335644,641122,48.0,Defence,mid
2025-10-07,HAL,103.8,104.98,102.91,104.31,1148888,629848,54.82,Defence,mid
2025-10-08,HAL,106.24,106.86,105.11,105.8,1110062,512923,46.21,Defence,mid
2025-10-09,HAL,108.71,109.21,106.73,107.52,1099729,567935,51.64,Defence,mid
2025-10-10,HAL,107.96,107.98,106.8,106.93,1353706,883957,65.3,Defence,mid
2025-10-13,HAL,104.55,105.63,103.76,105.43,1287829,595452,46.24,Defence,mid
2025-10-14,HAL,104.66,105.89,104.34,105.41,1114483,515163,46.22,Defence,mid
2025-10-15,HAL,106.24,106.94,105.43,106.01,1119108,710362,63.48,Defence,mid
2025-10-16,HAL,106.8,107.93,106.11,106.93,1222928,670888,54.86,Defence,mid
2025-10-17,HAL,108.01,108.7,105.97,107.35,1198830,605416,50.5,Defence,mid
2025-10-20,HAL,110.14,110.53,109.64,110.46,1076962,509056,47.27,Defence,mid
2025-10-21,HAL,110.64,111.61,109.17,110.3,1227847,824883,67.18,Defence,mid
2025-10-22,HAL,110.62,110.95,109.88,110.41,1150746,615132,53.46,Defence,mid
2025-10-23,HAL,111.25,112.63,109.95,111.34,1201358,729712,60.74,Defence,mid
2025-10-24,HAL,112.09,112.78,110.9,111.96,1159902,651243,56.15,Defence,mid
2025-10-27,HAL,113.91,114.98,112.93,114.16,1012897,635469,62.74,Defence,mid
2025-10-28,HAL,115.1,116.05,114.15,115.3,1156608,788467,68.17,Defence,mid
2025-10-29,HAL,115.68,116.6,114.85,116.45,1043618,509906,48.86,Defence,mid
2025-10-30,HAL,114.13,115.85,112.82,114.82,1258939,807231,64.12,Defence,mid
2025-10-31,HAL,113.29,114.86,111.44,113.53,1093030,743238,68.0,Defence,mid
2025-11-03,HAL,112.9,113.81,111.63,113.06,1254516,783627,62.46,Defence,mid
2025-11-04,HAL,113.87,114.78,113.11,113.5,1155232,584426,50.59,Defence,mid
2025-11-05,HAL,113.92,114.57,112.55,113.48,1383575,845563,61.11,Defence,mid
2025-11-06,HAL,114.57,115.27,113.37,114.55,1384245,866763,62.62,Defence,mid
2025-11-07,HAL,115.08,115.84,114.3,114.58,1168006,600721,51.43,Defence,mid
2025-11-10,HAL,112.92,113.42,112.25,113.4,1135220,630205,55.51,Defence,mid
2025-11-11,HAL,112.37,114.0,111.81,113.21,1201951,602543,50.13,Defence,mid
2025-11-12,HAL,113.92,115.33,112.96,114.28,1088577,696817,64.01,Defence,mid
2025-11-13,HAL,114.47,116.09,112.84,113.61,1089329,603768,55.43,Defence,mid
2025-11-14,HAL,111.88,112.38,110.86,112.32,1085179,752604,69.35,Defence,mid
2025-11-17,HAL,112.6,113.93,111.01,112.66,1359266,911925,67.09,Defence,mid
2025-11-18,HAL,111.84,113.16,110.77,112.35,1074204,734723,68.4,Defence,mid
2025-11-19,HAL,112.24,113.44,111.61,112.46,1149553,612624,53.29,Defence,mid
2025-11-20,HAL,112.99,113.78,111.58,112.61,1382205,664739,48.09,Defence,mid
2025-11-21,HAL,114.25,114.52,112.99,113.47,1328803,741621,55.81,Defence,mid
2025-11-24,HAL,115.92,116.16,114.56,114.81,1077210,582837,54.11,Defence,mid
2025-11-25,HAL,115.89,116.22,114.89,115.15,1306667,601278,46.02,Defence,mid
2025-11-26,HAL,115.37,116.87,114.12,115.67,1298914,876296,67.46,Defence,mid
2025-11-27,HAL,114.98,116.84,113.37,115.3,1104868,695137,62.92,Defence,mid
2025-11-28,HAL,114.78,116.61,112.92,115.04,1366583,831558,60.85,Defence,mid
2025-12-01,HAL,115.73,116.5,114.17,115.39,1382711,951965,68.85,Defence,mid
2025-12-02,HAL,115.46,116.28,114.3,114.84,1371239,679770,49.57,Defence,mid
2025-12-03,HAL,114.37,115.83,113.97,115.57,1242901,661161,53.19,Defence,mid
2025-12-04,HAL,115.31,116.87,114.02,115.22,1078924,688592,63.82,Defence,mid
2025-12-05,HAL,115.18,116.71,113.47,115.34,1130303,785632,69.51,Defence,mid
2025-12-08,HAL,117.58,118.01,116.85,118.0,1038569,596781,57.46,Defence,mid
2025-12-09,HAL,117.83,118.36,116.56,117.8,1248123,771997,61.85,Defence,mid
2025-12-10,HAL,117.24,117.93,116.87,117.89,1336348,699505,52.34,Defence,mid
2025-12-11,HAL,116.63,117.91,115.83,116.97,1098971,561942,51.13,Defence,mid
2025-12-12,HAL,119.06,120.67,117.75,118.47,1158427,808712,69.81,Defence,mid
2025-12-15,HAL,117.09,118.89,116.25,117.73,1396382,664095,47.56,Defence,mid
2025-12-16,HAL,114.79,117.03,113.85,115.7,1016144,531869,52.34,Defence,mid
2025-12-17,HAL,116.04,117.79,114.44,116.36,1372069,745114,54.31,Defence,mid
2025-12-18,HAL,117.73,118.02,116.22,117.33,1378280,656674,47.64,Defence,mid
2025-12-19,HAL,116.14,116.8,114.83,116.1,1056547,529323,50.1,Defence,mid
2025-12-22,HAL,116.48,118.12,115.24,116.17,1004551,534232,53.18,Defence,mid
2025-12-23,HAL,116.09,116.79,114.95,115.96,1318112,773746,58.7,Defence,mid
2025-12-24,HAL,117.19,117.84,115.99,116.57,1255672,593666,47.28,Defence,mid
2025-12-25,HAL,118.36,119.57,116.85,117.62,1123038,772983,68.83,Defence,mid
2025-12-26,HAL,117.98,119.03,116.36,117.15,1345698,940851,69.92,Defence,mid
2025-12-29,HAL,116.7,118.22,115.65,116.76,1002350,676994,67.54,Defence,mid
2025-12-30,HAL,116.1,116.6,114.8,114.96,1184362,581090,49.06,Defence,mid
2025-12-31,HAL,116.37,117.76,116.17,116.52,1035612,627113,60.55,Defence,mid
2026-01-01,HAL,116.02,117.34,114.24,115.69,1208463,823416,68.14,Defence,mid
2026-01-02,HAL,115.94,118.44,115.16,116.85,1078936,519683,48.17,Defence,mid
2026-01-05,HAL,119.77,120.57,118.94,119.95,1370467,749609,54.7,Defence,mid
2026-01-06,HAL,120.93,122.18,120.06,121.44,1314330,664418,50.55,Defence,mid
2026-01-07,HAL,119.66,121.47,118.25,119.62,1087254,597920,54.99,Defence,mid
2026-01-08,HAL,118.57,119.69,117.07,118.57,1289953,869845,67.43,Defence,mid
2026-01-09,HAL,120.16,121.56,118.96,120.17,1335281,640177,47.94,Defence,mid
2026-01-12,HAL,118.79,119.8,118.22,119.05,1168028,695743,59.57,Defence,mid
2026-01-13,HAL,118.23,119.18,117.03,117.61,1009350,610377,60.47,Defence,mid
2026-01-14,HAL,116.24,118.07,115.62,116.87,1183315,585613,49.49,Defence,mid
2026-01-15,HAL,116.52,117.65,114.85,116.44,1036685,581053,56.05,Defence,mid
2026-01-16,HAL,116.19,117.37,115.22,116.22,1293392,833473,64.44,Defence,mid
2026-01-19,HAL,116.22,117.1,115.36,115.95,1380347,668152,48.4,Defence,mid
2026-01-20,HAL,117.48,118.83,117.41,118.47,1077482,749315,69.54,Defence,mid
2026-01-21,HAL,115.41,116.86,114.17,115.63,1315352,897919,68.26,Defence,mid
2026-01-22,HAL,116.63,118.11,115.55,116.73,1358614,704778,51.87,Defence,mid
2026-01-23,HAL,117.46,117.98,116.96,117.11,1083329,558691,51.57,Defence,mid
2026-01-26,HAL,116.06,117.34,114.68,116.2,1064491,728219,68.41,Defence,mid
2026-01-27,HAL,114.98,115.3,113.61,115.26,1046031,609501,58.27,Defence,mid
2026-01-28,HAL,113.89,115.4,113.0,114.66,2956841,4759097,160.95,Defence,mid
2026-01-29,HAL,118.14,119.94,116.86,117.63,3165763,3921913,123.89,Defence,mid
2026-01-30,HAL,120.06,120.44,118.75,119.29,2824590,3350115,118.61,Defence,mid
2025-10-01,TCS,99.64,100.85,98.84,100.01,1255695,873981,69.6,IT,large
2025-10-02,TCS,98.6,99.37,97.78,98.76,1013517,493928,48.73,IT,large
2025-10-03,TCS,98.23,98.63,97.94,98.0,1052809,533579,50.68,IT,large
2025-10-06,TCS,97.63,98.79,96.46,97.9,1042545,562231,53.93,IT,large
2025-10-07,TCS,98.48,99.75,97.43,98.13,1249571,710662,56.87,IT,large
2025-10-08,TCS,100.28,101.55,98.66,99.67,1038321,632911,60.96,IT,large
2025-10-09,TCS,100.87,101.27,100.21,100.89,1004598,614047,61.12,IT,large
2025-10-10,TCS,99.87,100.87,99.38,100.05,1374862,870810,63.34,IT,large
2025-10-13,TCS,100.43,102.17,98.49,100.09,1162395,592144,50.94,IT,large
2025-10-14,TCS,101.6,103.07,100.07,101.73,1376368,668318,48.56,IT,large
2025-10-15,TCS,102.86,103.87,101.9,102.19,1325352,654273,49.37,IT,large
2025-10-16,TCS,101.77,103.31,99.85,101.89,1313189,825798,62.88,IT,large
2025-10-17,TCS,103.56,104.95,102.85,103.88,1296701,730200,56.31,IT,large
2025-10-20,TCS,104.17,105.25,102.91,103.97,1134206,722958,63.74,IT,large
2025-10-21,TCS,102.65,103.41,102.38,103.31,1221515,682842,55.9,IT,large
2025-10-22,TCS,103.81,104.06,102.67,103.63,1386056,698917,50.42,IT,large
2025-10-23,TCS,104.0,104.76,102.77,103.79,1297551,890346,68.62,IT,large
2025-10-24,TCS,103.2,104.36,102.41,103.78,1095667,741648,67.69,IT,large
2025-10-27,TCS,102.05,103.17,102.42,102.72,1187797,783860,65.99,IT,large
2025-10-28,TCS,102.17,102.15,101.82,102.08,1228136,647151,52.69,IT,large
2025-10-29,TCS,102.61,104.16,100.42,102.44,1057837,483141,45.67,IT,large
2025-10-30,TCS,104.91,106.1,103.43,104.31,1011493,465703,46.04,IT,large
2025-10-31,TCS,103.12,104.16,103.05,103.81,1026306,613339,59.76,IT,large
2025-11-03,TCS,102.12,104.32,101.09,102.58,1026379,684541,66.69,IT,large
2025-11-04,TCS,104.39,105.12,103.39,104.71,1044787,479146,45.86,IT,large
2025-11-05,TCS,105.33,106.11,105.44,105.84,1252614,653665,52.18,IT,large
2025-11-06,TCS,106.1,107.45,105.17,106.25,1127655,626910,55.59,IT,large
2025-11-07,TCS,107.69,108.21,106.18,107.08,1147209,608258,53.02,IT,large
2025-11-10,TCS,107.68,109.28,106.81,108.34,1012392,560085,55.32,IT,large
2025-11-11,TCS,107.47,108.06,106.05,106.64,1215152,612611,50.41,IT,large
2025-11-12,TCS,106.63,107.86,105.76,106.96,1000519,500768,50.05,IT,large
2025-11-13,TCS,106.58,107.61,105.52,107.21,1196593,776819,64.92,IT,large
2025-11-14,TCS,108.82,109.39,107.24,107.73,1104230,757465,68.6,IT,large
2025-11-17,TCS,107.52,109.04,106.72,107.6,1043969,635915,60.91,IT,large
2025-11-18,TCS,109.12,110.84,108.49,109.27,1251172,674261,53.89,IT,large
2025-11-19,TCS,108.39,109.81,107.14,108.41,1355379,618450,45.63,IT,large
2025-11-20,TCS,108.38,110.15,107.05,108.66,1151722,772799,67.1,IT,large
2025-11-21,TCS,109.44,110.49,108.61,108.8,1301195,795778,61.16,IT,large
2025-11-24,TCS,108.69,109.74,106.6,108.26,1264840,803801,63.55,IT,large
2025-11-25,TCS,108.63,110.45,107.66,108.85,1050422,594018,56.55,IT,large
2025-11-26,TCS,109.52,110.3,108.21,109.47,1281266,846808,66.09,IT,large
2025-11-27,TCS,110.28,111.22,108.75,109.86,1208871,592626,49.02,IT,large
2025-11-28,TCS,109.18,110.95,107.57,109.54,1040722,718718,69.06,IT,large
2025-12-01,TCS,110.04,111.86,108.35,110.43,1293317,722615,55.87,IT,large
2025-12-02,TCS,111.34,112.83,109.57,110.97,1155336,529701,45.85,IT,large
2025-12-03,TCS,109.45,111.08,108.54,109.41,1252951,708944,56.58,IT,large
2025-12-04,TCS,111.35,112.06,110.02,110.37,1363201,759994,55.75,IT,large
2025-12-05,TCS,108.84,109.44,108.01,108.75,1288887,863579,67.0,IT,large
2025-12-08,TCS,107.97,109.28,107.45,109.03,1256615,708071,56.35,IT,large
2025-12-09,TCS,108.78,110.25,106.91,108.46,1312951,824910,62.83,IT,large
2025-12-10,TCS,108.2,108.7,107.37,107.92,1248627,689661,55.23,IT,large
2025-12-11,TCS,106.56,106.84,105.43,106.81,1311271,717497,54.72,IT,large
2025-12-12,TCS,103.76,105.07,102.27,103.94,1064337,686974,64.54,IT,large
2025-12-15,TCS,104.99,105.95,103.53,105.14,1216414,765518,62.93,IT,large
2025-12-16,TCS,103.15,104.64,102.32,103.66,1164139,799755,68.7,IT,large
2025-12-17,TCS,105.13,105.88,103.72,104.07,1048957,730196,69.61,IT,large
2025-12-18,TCS,104.29,105.05,102.91,103.87,1005323,557598,55.46,IT,large
2025-12-19,TCS,102.99,103.89,101.7,102.48,1089770,692404,63.54,IT,large
2025-12-22,TCS,104.01,104.47,102.45,103.67,1156785,581866,50.3,IT,large
2025-12-23,TCS,104.7,106.63,103.6,104.92,1187663,701331,59.05,IT,large
2025-12-24,TCS,106.61,107.75,104.75,105.35,1327495,868241,65.4,IT,large
2025-12-25,TCS,104.63,105.64,103.72,104.51,1333497,718336,53.87,IT,large
2025-12-26,TCS,105.16,105.73,104.25,105.02,1170441,581091,49.65,IT,large
2025-12-29,TCS,107.0,107.8,105.73,106.72,1120728,638688,56.99,IT,large
2025-12-30,TCS,105.42,106.75,104.59,105.37,1371490,910136,66.36,IT,large
2025-12-31,TCS,106.72,108.67,105.39,107.24,1056160,694775,65.78,IT,large
2026-01-01,TCS,106.5,108.14,104.75,107.14,1262382,646979,51.25,IT,large
2026-01-02,TCS,108.24,108.89,106.47,107.64,1138577,555816,48.82,IT,large
2026-01-05,TCS,109.27,109.78,107.57,109.23,1243346,802356,64.53,IT,large
2026-01-06,TCS,106.9,108.2,106.79,108.12,1078948,672398,62.32,IT,large
2026-01-07,TCS,107.07,107.29,106.35,106.39,1222025,630715,51.61,IT,large
2026-01-08,TCS,106.72,107.83,105.59,106.47,1186837,576927,48.61,IT,large
2026-01-09,TCS,105.62,106.33,105.21,105.25,1002642,661936,66.02,IT,large
2026-01-12,TCS,103.74,105.11,103.41,103.94,1149983,637900,55.47,IT,large
2026-01-13,TCS,104.24,105.35,103.8,104.36,1011411,609293,60.24,IT,large
2026-01-14,TCS,104.02,103.45,103.06,103.39,1204250,687830,57.12,IT,large
2026-01-15,TCS,103.23,104.58,102.73,103.63,1135442,755548,66.54,IT,large
2026-01-16,TCS,103.43,104.33,102.71,102.86,1084290,605898,55.88,IT,large
2026-01-19,TCS,101.56,103.05,100.52,101.73,1331093,733342,55.09,IT,large
2026-01-20,TCS,101.23,101.94,100.58,100.94,1261823,817645,64.8,IT,large
2026-01-21,TCS,101.21,101.92,99.73,100.53,1253928,810105,64.61,IT,large
2026-01-22,TCS,101.72,103.34,100.61,102.11,1019879,535540,52.51,IT,large
2026-01-23,TCS,102.29,103.83,101.15,102.79,1263206,817618,64.73,IT,large
2026-01-26,TCS,103.79,104.66,103.51,104.01,1278561,765956,59.91,IT,large
2026-01-27,TCS,103.41,104.44,102.97,103.73,1305069,620352,47.53,IT,large
2026-01-28,TCS,103.16,105.03,102.65,103.87,1262286,684433,54.22,IT,large
2026-01-29,TCS,104.37,104.91,104.02,104.69,1120816,622552,55.54,IT,large
2026-01-30,TCS,104.31,105.79,103.97,104.25,1021847,604807,59.19,IT,large
2025-10-01,RELIANCE,100.05,101.57,99.26,100.51,1367451,767984,56.16,Energy,large
2025-10-02,RELIANCE,101.65,102.58,101.51,101.52,1392313,792034,56.89,Energy,large
2025-10-03,RELIANCE,101.14,102.27,100.34,101.14,1060705,481435,45.39,Energy,large
2025-10-06,RELIANCE,102.77,103.74,100.7,102.69,1035255,690916,66.74,Energy,large
2025-10-07,RELIANCE,102.69,103.95,101.89,102.85,1293422,642640,49.69,Energy,large
2025-10-08,RELIANCE,104.21,105.88,103.74,104.55,1291888,608572,47.11,Energy,large
2025-10-09,RELIANCE,103.77,103.89,103.31,103.44,1101620,761306,69.11,Energy,large
2025-10-10,RELIANCE,103.06,104.39,101.65,103.43,1326937,623554,46.99,Energy,large
2025-10-13,RELIANCE,103.48,104.62,101.28,102.82,1194531,555390,46.49,Energy,large
2025-10-14,RELIANCE,102.71,103.45,101.63,101.94,1057962,686977,64.93,Energy,large
2025-10-15,RELIANCE,101.22,102.56,100.35,101.0,1154294,746320,64.66,Energy,large
2025-10-16,RELIANCE,102.62,103.41,102.05,102.68,1024255,710308,69.35,Energy,large
2025-10-17,RELIANCE,102.22,102.25,101.47,102.15,1390979,915016,65.78,Energy,large
2025-10-20,RELIANCE,102.09,102.22,101.4,101.46,1150670,714802,62.12,Energy,large
2025-10-21,RELIANCE,99.13,100.11,98.61,99.75,1000674,516108,51.58,Energy,large
2025-10-22,RELIANCE,97.98,99.89,97.2,98.6,1016918,669444,65.83,Energy,large
2025-10-23,RELIANCE,98.98,99.44,98.73,99.37,1340473,873664,65.18,Energy,large
2025-10-24,RELIANCE,98.19,98.52,97.64,98.51,1221469,793157,64.93,Energy,large
2025-10-27,RELIANCE,99.17,100.81,97.71,99.03,1242759,769784,61.94,Energy,large
2025-10-28,RELIANCE,98.93,99.45,97.43,98.39,1316665,743822,56.49,Energy,large
2025-10-29,RELIANCE,99.93,101.41,98.88,99.93,1231836,830543,67.42,Energy,large
2025-10-30,RELIANCE,101.05,101.47,100.52,100.86,1075660,535763,49.81,Energy,large
2025-10-31,RELIANCE,102.42,103.28,100.96,101.55,1160996,672570,57.93,Energy,large
2025-11-03,RELIANCE,101.56,102.89,100.24,101.75,1042447,634001,60.82,Energy,large
2025-11-04,RELIANCE,101.79,102.64,101.27,101.91,1207782,549712,45.51,Energy,large
2025-11-05,RELIANCE,104.66,106.35,103.51,104.96,1226873,632329,51.54,Energy,large
2025-11-06,RELIANCE,104.31,105.69,103.29,105.19,1327532,917148,69.09,Energy,large
2025-11-07,RELIANCE,105.41,106.4,104.05,105.2,1033462,478233,46.27,Energy,large
2025-11-10,RELIANCE,103.67,103.89,103.05,103.23,1363967,635671,46.6,Energy,large
2025-11-11,RELIANCE,102.31,103.13,100.43,102.4,1102877,651931,59.11,Energy,large
2025-11-12,RELIANCE,100.17,100.83,100.03,100.8,1179337,577795,48.99,Energy,large
2025-11-13,RELIANCE,103.77,104.56,102.8,103.87,1102344,593064,53.8,Energy,large
2025-11-14,RELIANCE,105.28,106.13,104.59,105.73,1314549,824750,62.74,Energy,large
2025-11-17,RELIANCE,103.38,104.06,102.58,103.89,1301980,891654,68.48,Energy,large
2025-11-18,RELIANCE,103.41,104.17,103.22,103.53,1042167,553369,53.1,Energy,large
2025-11-19,RELIANCE,103.84,104.83,102.8,103.52,1095382,532122,48.58,Energy,large
2025-11-20,RELIANCE,103.27,104.43,102.51,103.47,1014405,691742,68.19,Energy,large
2025-11-21,RELIANCE,103.68,106.17,102.17,103.94,1055905,593219,56.18,Energy,large
2025-11-24,RELIANCE,105.69,107.67,104.45,105.92,1180933,631733,53.49,Energy,large
2025-11-25,RELIANCE,106.18,106.99,105.61,106.47,1088660,505335,46.42,Energy,large
2025-11-26,RELIANCE,106.04,106.59,104.47,106.19,1106558,611866,55.29,Energy,large
2025-11-27,RELIANCE,106.48,108.1,105.36,106.68,1067119,611194,57.28,Energy,large
2025-11-28,RELIANCE,106.29,107.84,103.58,105.75,1022741,689081,67.38,Energy,large
2025-12-01,RELIANCE,105.5,106.15,104.78,105.41,1103117,552005,50.04,Energy,large
2025-12-02,RELIANCE,103.3,105.53,101.09,103.3,1039025,542742,52.24,Energy,large
2025-12-03,RELIANCE,103.33,104.53,102.63,103.6,1391452,631729,45.4,Energy,large
2025-12-04,RELIANCE,103.74,104.55,102.9,103.96,1332897,775275,58.16,Energy,large
2025-12-05,RELIANCE,104.4,105.97,103.06,104.41,1228535,595248,48.45,Energy,large
2025-12-08,RELIANCE,105.44,107.07,104.23,105.2,1031706,486815,47.19,Energy,large
2025-12-09,RELIANCE,104.31,104.92,103.27,104.26,1244973,780522,62.69,Energy,large
2025-12-10,RELIANCE,104.56,105.21,103.7,104.8,1293086,713823,55.2,Energy,large
2025-12-11,RELIANCE,104.32,105.64,103.54,104.76,1336763,890453,66.61,Energy,large
2025-12-12,RELIANCE,104.16,105.65,103.05,104.6,1348805,696745,51.66,Energy,large
2025-12-15,RELIANCE,106.1,107.36,104.55,105.39,1148466,687613,59.87,Energy,large
2025-12-16,RELIANCE,107.13,107.77,106.23,106.69,1048308,659016,62.86,Energy,large
2025-12-17,RELIANCE,107.73,107.67,106.87,107.58,1152555,735133,63.78,Energy,large
2025-12-18,RELIANCE,109.42,111.14,107.91,109.62,1205325,702255,58.26,Energy,large
2025-12-19,RELIANCE,109.18,110.5,107.95,109.43,1072957,510372,47.57,Energy,large
2025-12-22,RELIANCE,109.85,111.55,108.11,109.44,1279586,638220,49.88,Energy,large
2025-12-23,RELIANCE,111.09,112.13,110.43,110.94,1281058,609419,47.57,Energy,large
2025-12-24,RELIANCE,111.75,112.63,110.76,112.16,1197436,688751,57.52,Energy,large
2025-12-25,RELIANCE,112.45,113.48,111.21,112.08,1236724,822758,66.53,Energy,large
2025-12-26,RELIANCE,113.07,114.7,111.86,112.98,1330405,910522,68.44,Energy,large
2025-12-29,RELIANCE,111.76,113.6,110.61,112.1,1158253,793777,68.53,Energy,large
2025-12-30,RELIANCE,112.33,112.91,111.14,112.29,1174232,816449,69.53,Energy,large
2025-12-31,RELIANCE,111.79,113.19,111.58,113.15,1021421,591753,57.93,Energy,large
2026-01-01,RELIANCE,115.9,116.52,114.56,115.72,1253075,678048,54.11,Energy,large
2026-01-02,RELIANCE,115.77,116.42,114.78,115.31,1008331,488890,48.49,Energy,large
2026-01-05,RELIANCE,116.62,118.28,115.36,117.29,1323707,888330,67.11,Energy,large
2026-01-06,RELIANCE,117.43,118.62,116.67,117.55,1271375,659027,51.84,Energy,large
2026-01-07,RELIANCE,114.8,115.8,114.16,115.0,1208122,674642,55.84,Energy,large
2026-01-08,RELIANCE,116.46,116.94,115.05,115.92,1048152,627394,59.86,Energy,large
2026-01-09,RELIANCE,117.62,118.26,116.19,117.28,1213532,591113,48.71,Energy,large
2026-01-12,RELIANCE,118.29,119.15,116.74,117.75,1115322,569762,51.08,Energy,large
2026-01-13,RELIANCE,118.6,120.62,117.41,119.03,1228071,752303,61.26,Energy,large
2026-01-14,RELIANCE,120.55,121.72,119.16,119.62,1245119,706283,56.72,Energy,large
2026-01-15,RELIANCE,119.88,120.92,118.0,119.32,1153268,687833,59.64,Energy,large
2026-01-16,RELIANCE,120.12,121.7,118.96,120.45,1222661,700403,57.29,Energy,large
2026-01-19,RELIANCE,121.31,122.63,118.79,119.7,1063426,496300,46.67,Energy,large
2026-01-20,RELIANCE,120.24,121.35,118.86,120.61,1175958,745384,63.39,Energy,large
2026-01-21,RELIANCE,120.81,122.79,119.13,121.31,1061808,567275,53.43,Energy,large
2026-01-22,RELIANCE,120.56,122.16,119.91,120.24,1328477,769775,57.94,Energy,large
2026-01-23,RELIANCE,119.2,120.33,118.88,120.12,1313976,824044,62.71,Energy,large
2026-01-26,RELIANCE,120.56,121.73,119.44,120.68,1306270,779136,59.65,Energy,large
2026-01-27,RELIANCE,117.74,118.81,116.99,117.61,1313474,877650,66.82,Energy,large
2026-01-28,RELIANCE,116.98,117.55,116.19,116.74,1289224,674560,52.32,Energy,large
2026-01-29,RELIANCE,116.24,117.24,114.84,115.61,1314831,870932,66.24,Energy,large
2026-01-30,RELIANCE,114.55,115.53,113.04,114.38,1057996,628299,59.39,Energy,large
2025-10-01,HDFCBANK,99.27,100.54,98.26,99.65,1337355,882036,65.95,Banking,large
2025-10-02,HDFCBANK,101.06,101.23,100.3,100.32,1004276,463835,46.19,Banking,large
2025-10-03,HDFCBANK,98.52,100.02,97.51,99.26,1215399,850271,69.96,Banking,large
2025-10-06,HDFCBANK,97.88,99.0,97.3,98.09,1143084,684341,59.87,Banking,large
2025-10-07,HDFCBANK,96.98,98.6,95.99,96.69,1039586,565123,54.36,Banking,large
2025-10-08,HDFCBANK,96.05,97.02,95.63,95.7,1385788,792224,57.17,Banking,large
2025-10-09,HDFCBANK,94.37,95.66,93.1,94.48,1212055,792649,65.4,Banking,large
2025-10-10,HDFCBANK,94.56,96.2,93.06,94.89,1205037,575559,47.76,Banking,large
2025-10-13,HDFCBANK,94.73,96.56,94.47,96.05,1355257,752468,55.52,Banking,large
2025-10-14,HDFCBANK,96.94,97.81,96.12,96.51,1075243,532893,49.56,Banking,large
2025-10-15,HDFCBANK,96.59,96.12,95.6,95.63,1254604,577843,46.06,Banking,large
2025-10-16,HDFCBANK,94.98,95.6,93.53,94.22,1001565,526937,52.61,Banking,large
2025-10-17,HDFCBANK,94.58,95.35,94.13,94.93,1199144,705471,58.83,Banking,large
2025-10-20,HDFCBANK,95.11,96.44,94.17,94.81,1229787,679795,55.28,Banking,large
2025-10-21,HDFCBANK,95.18,96.37,94.26,95.23,1040041,512359,49.26,Banking,large
2025-10-22,HDFCBANK,93.42,94.3,93.2,93.49,1024846,464381,45.31,Banking,large
2025-10-23,HDFCBANK,93.2,94.14,92.78,93.62,1067765,551663,51.67,Banking,large
2025-10-24,HDFCBANK,95.64,96.84,94.71,95.28,1179935,644733,54.64,Banking,large
2025-10-27,HDFCBANK,97.43,98.5,97.09,97.19,1175856,711445,60.5,Banking,large
2025-10-28,HDFCBANK,96.61,98.32,95.37,97.21,1125917,759675,67.47,Banking,large
2025-10-29,HDFCBANK,97.4,98.15,97.54,97.56,1198220,823689,68.74,Banking,large
2025-10-30,HDFCBANK,97.69,99.08,96.71,97.62,1123663,751536,66.88,Banking,large
2025-10-31,HDFCBANK,96.13,96.96,94.95,95.92,1143358,567835,49.66,Banking,large
2025-11-03,HDFCBANK,96.74,97.61,95.97,96.72,1213500,663055,54.64,Banking,large
2025-11-04,HDFCBANK,96.55,97.51,94.84,96.45,1140499,583061,51.12,Banking,large
2025-11-05,HDFCBANK,97.01,98.09,95.77,96.75,1265709,677603,53.54,Banking,large
2025-11-06,HDFCBANK,97.9,99.22,96.31,97.61,1334003,642920,48.19,Banking,large
2025-11-07,HDFCBANK,95.84,97.17,94.84,95.89,1141167,719638,63.06,Banking,large
2025-11-10,HDFCBANK,95.12,95.95,92.94,94.18,1201931,609160,50.68,Banking,large
2025-11-11,HDFCBANK,93.6,94.73,92.88,93.72,1359846,811679,59.69,Banking,large
2025-11-12,HDFCBANK,93.4,94.46,92.58,93.27,1348956,648439,48.07,Banking,large
2025-11-13,HDFCBANK,92.62,93.0,91.3,92.12,1153927,708950,61.44,Banking,large
2025-11-14,HDFCBANK,91.48,92.17,90.65,91.42,1070818,709685,66.28,Banking,large
2025-11-17,HDFCBANK,91.15,92.36,89.49,90.85,1144592,658245,57.51,Banking,large
2025-11-18,HDFCBANK,91.1,91.84,89.99,90.77,1050453,660916,62.92,Banking,large
2025-11-19,HDFCBANK,90.25,91.96,89.04,90.6,1353102,900245,66.53,Banking,large
2025-11-20,HDFCBANK,90.99,92.3,89.53,91.11,1265444,680628,53.79,Banking,large
2025-11-21,HDFCBANK,90.02,91.24,89.2,89.99,1338685,720250,53.8,Banking,large
2025-11-24,HDFCBANK,89.54,90.31,87.98,89.62,1293621,812583,62.81,Banking,large
2025-11-25,HDFCBANK,89.97,90.81,88.83,89.88,1121230,611278,54.52,Banking,large
2025-11-26,HDFCBANK,90.66,91.66,89.93,90.65,1335786,791508,59.25,Banking,large
2025-11-27,HDFCBANK,90.84,91.09,90.25,90.53,1139615,513103,45.02,Banking,large
2025-11-28,HDFCBANK,91.09,91.57,90.45,91.34,1341659,807473,60.18,Banking,large
2025-12-01,HDFCBANK,92.06,93.03,90.46,92.01,1084055,735661,67.86,Banking,large
2025-12-02,HDFCBANK,91.75,92.75,91.26,92.03,1299024,853699,65.72,Banking,large
2025-12-03,HDFCBANK,91.74,93.08,90.59,91.97,1372083,854677,62.29,Banking,large
2025-12-04,HDFCBANK,91.39,91.92,91.29,91.86,1021720,638129,62.46,Banking,large
2025-12-05,HDFCBANK,90.84,92.03,89.77,90.89,1304768,601397,46.09,Banking,large
2025-12-08,HDFCBANK,90.39,90.55,89.56,90.43,1387765,845675,60.94,Banking,large
2025-12-09,HDFCBANK,89.63,90.59,88.49,89.78,1164655,582738,50.04,Banking,large
2025-12-10,HDFCBANK,89.44,90.74,88.9,89.62,1095149,558994,51.04,Banking,large
2025-12-11,HDFCBANK,88.36,89.51,87.41,88.67,1119748,751542,67.12,Banking,large
2025-12-12,HDFCBANK,90.26,90.75,88.92,89.41,1219304,780512,64.01,Banking,large
2025-12-15,HDFCBANK,90.39,91.55,89.58,90.07,1306463,859381,65.78,Banking,large
2025-12-16,HDFCBANK,91.01,91.8,89.94,90.65,1024132,532774,52.02,Banking,large
2025-12-17,HDFCBANK,91.61,92.71,90.42,91.12,1129788,640776,56.72,Banking,large
2025-12-18,HDFCBANK,90.87,91.9,89.81,90.78,1396851,890648,63.76,Banking,large
2025-12-19,HDFCBANK,91.89,93.34,90.54,92.05,1043520,597122,57.22,Banking,large
2025-12-22,HDFCBANK,91.6,92.55,90.66,91.52,1367822,835912,61.11,Banking,large
2025-12-23,HDFCBANK,89.6,90.19,89.35,90.05,1098395,532351,48.47,Banking,large
2025-12-24,HDFCBANK,91.37,92.65,90.48,91.6,1074293,654808,60.95,Banking,large
2025-12-25,HDFCBANK,92.59,92.85,91.47,92.8,1332157,846693,63.56,Banking,large
2025-12-26,HDFCBANK,92.37,93.73,91.43,92.54,1147410,674428,58.78,Banking,large
2025-12-29,HDFCBANK,91.76,92.92,90.45,91.37,1226747,744700,60.71,Banking,large
2025-12-30,HDFCBANK,90.84,92.27,90.16,92.0,1197751,688566,57.49,Banking,large
2025-12-31,HDFCBANK,92.63,93.69,91.68,92.44,1275193,626004,49.09,Banking,large
2026-01-01,HDFCBANK,90.36,91.49,89.16,90.17,1175801,585200,49.77,Banking,large
2026-01-02,HDFCBANK,89.47,91.04,88.8,90.18,1314767,731485,55.64,Banking,large
2026-01-05,HDFCBANK,90.45,91.47,89.49,89.92,1135467,635490,55.97,Banking,large
2026-01-06,HDFCBANK,88.53,89.26,87.98,89.09,1118296,627127,56.08,Banking,large
2026-01-07,HDFCBANK,88.34,89.07,87.4,88.35,1129477,638288,56.51,Banking,large
2026-01-08,HDFCBANK,89.23,90.99,88.56,90.27,1384727,837714,60.5,Banking,large
2026-01-09,HDFCBANK,90.14,91.16,89.78,90.41,1118815,663212,59.28,Banking,large
2026-01-12,HDFCBANK,91.27,92.17,90.73,91.41,1137363,763484,67.13,Banking,large
2026-01-13,HDFCBANK,91.88,92.99,91.31,92.01,1034082,636085,61.51,Banking,large
2026-01-14,HDFCBANK,91.82,92.54,90.76,91.19,1225926,673138,54.91,Banking,large
2026-01-15,HDFCBANK,91.29,92.75,90.28,91.64,1044908,695431,66.55,Banking,large
2026-01-16,HDFCBANK,91.88,92.77,91.08,91.65,1195710,703681,58.85,Banking,large
2026-01-19,HDFCBANK,92.15,93.36,90.51,91.85,1235382,580700,47.01,Banking,large
2026-01-20,HDFCBANK,92.24,92.58,91.5,91.56,1220225,767096,62.87,Banking,large
2026-01-21,HDFCBANK,91.1,92.29,89.95,91.6,1040837,684405,65.76,Banking,large
2026-01-22,HDFCBANK,90.9,92.27,89.7,91.18,1309992,634298,48.42,Banking,large
2026-01-23,HDFCBANK,91.42,92.01,90.3,91.25,1006068,602209,59.86,Banking,large
2026-01-26,HDFCBANK,91.42,92.74,90.66,91.45,1355450,820443,60.53,Banking,large
2026-01-27,HDFCBANK,91.39,92.78,90.55,92.28,1067202,679123,63.64,Banking,large
2026-01-28,HDFCBANK,91.49,93.02,90.9,91.45,1049088,569920,54.33,Banking,large
2026-01-29,HDFCBANK,90.86,91.48,90.4,91.29,1241517,589610,47.49,Banking,large
2026-01-30,HDFCBANK,89.63,90.39,88.07,89.74,1270087,652380,51.36,Banking,large
2025-10-01,NIFTY,24034.51,24459.89,23771.51,24096.11,10454304,4759208,45.52,Index,mid
2025-10-02,NIFTY,24558.82,24818.31,24127.9,24433.67,11160139,6939271,62.18,Index,mid
2025-10-03,NIFTY,24244.19,24628.29,23988.0,24338.66,12758079,8318872,65.2,Index,mid
2025-10-06,NIFTY,24432.94,24619.41,24176.44,24382.02,12007099,8023920,66.83,Index,mid
2025-10-07,NIFTY,24468.09,24620.24,24070.22,24407.32,12718048,6971285,54.81,Index,mid
2025-10-08,NIFTY,24181.73,24524.09,23959.6,24270.58,13492081,8131830,60.27,Index,mid
2025-10-09,NIFTY,24618.05,24763.02,24169.03,24468.16,12356893,5695464,46.09,Index,mid
2025-10-10,NIFTY,24734.43,24932.65,24497.07,24584.96,11551525,6219578,53.84,Index,mid
2025-10-13,NIFTY,24935.72,25168.4,24676.71,24913.1,11837630,8246086,69.66,Index,mid
2025-10-14,NIFTY,25033.22,25322.62,24849.41,25052.32,11093352,6378682,57.5,Index,mid
2025-10-15,NIFTY,25176.1,25444.95,24973.99,25032.71,13968730,6405052,45.85,Index,mid
2025-10-16,NIFTY,24434.31,24806.52,24244.57,24638.77,12532407,7627922,60.87,Index,mid
2025-10-17,NIFTY,24372.67,24833.93,24198.12,24513.17,13754574,8532422,62.03,Index,mid
2025-10-20,NIFTY,24394.52,24818.52,24145.33,24379.57,12540838,6742047,53.76,Index,mid
2025-10-21,NIFTY,24102.29,24351.02,23804.98,24148.17,11292799,7872268,69.71,Index,mid
2025-10-22,NIFTY,23980.83,24176.04,23680.66,23923.51,11396943,5515037,48.39,Index,mid
2025-10-23,NIFTY,24504.13,24667.29,24294.68,24411.95,12274907,6451722,52.56,Index,mid
2025-10-24,NIFTY,24557.26,24745.1,24249.72,24460.94,12906619,7586737,58.78,Index,mid
2025-10-27,NIFTY,24532.25,24875.58,24281.61,24671.98,10320128,5105221,49.47,Index,mid
2025-10-28,NIFTY,24113.88,24106.24,23926.93,24038.15,11713078,7813523,66.71,Index,mid
2025-10-29,NIFTY,24249.88,24595.69,23973.41,24295.0,11030156,5027192,45.58,Index,mid
2025-10-30,NIFTY,24402.13,24724.8,24178.22,24398.0,11598294,5800155,50.01,Index,mid
2025-10-31,NIFTY,23927.16,24109.47,23821.18,24013.84,12935557,8935689,69.08,Index,mid
2025-11-03,NIFTY,23744.85,24150.58,23611.44,23940.03,11364641,5502376,48.42,Index,mid
2025-11-04,NIFTY,23992.7,24436.05,23694.86,24057.34,13691551,6887624,50.31,Index,mid
2025-11-05,NIFTY,23941.53,24291.26,23709.99,23876.55,12715854,6795908,53.44,Index,mid
2025-11-06,NIFTY,24081.77,24397.54,23708.95,24112.37,11338078,6503407,57.36,Index,mid
2025-11-07,NIFTY,23951.09,24151.74,23745.02,23965.37,13701155,8097859,59.1,Index,mid
2025-11-10,NIFTY,24046.24,24288.6,23956.37,24051.28,11316664,5356880,47.34,Index,mid
2025-11-11,NIFTY,24124.01,24427.22,23883.33,24130.27,13256069,7367827,55.58,Index,mid
2025-11-12,NIFTY,23850.38,24023.03,23748.78,23822.98,12406276,6608945,53.27,Index,mid
2025-11-13,NIFTY,23678.14,23963.79,23627.78,23817.44,13103966,6909894,52.73,Index,mid
2025-11-14,NIFTY,23901.79,24001.73,23768.28,23915.02,12093289,8286744,68.52,Index,mid
2025-11-17,NIFTY,24049.85,24192.89,23874.88,23941.59,13096655,7080375,54.06,Index,mid
2025-11-18,NIFTY,24083.0,24353.79,23874.96,24118.31,10111804,4889418,48.35,Index,mid
2025-11-19,NIFTY,24434.84,24684.77,24216.53,24387.76,13758989,7449148,54.14,Index,mid
2025-11-20,NIFTY,24358.77,24789.29,24259.17,24482.76,10648319,4869058,45.73,Index,mid
2025-11-21,NIFTY,24393.58,24674.95,24131.28,24519.72,12544502,6724567,53.61,Index,mid
2025-11-24,NIFTY,24747.01,24725.93,24482.58,24609.62,10431217,6606573,63.33,Index,mid
2025-11-25,NIFTY,25163.83,25260.57,24893.24,24939.41,10239942,6052320,59.11,Index,mid
2025-11-26,NIFTY,24430.06,24864.15,24065.86,24472.28,10896331,5589623,51.3,Index,mid
2025-11-27,NIFTY,24566.43,24831.59,24202.8,24456.99,13036669,7961199,61.07,Index,mid
2025-11-28,NIFTY,24488.46,24839.95,23951.1,24226.12,10626894,7075040,66.58,Index,mid
2025-12-01,NIFTY,24189.09,24534.39,24115.31,24361.11,11130263,5931117,53.29,Index,mid
2025-12-02,NIFTY,23910.95,24116.54,23521.36,23855.22,12390368,6979022,56.33,Index,mid
2025-12-03,NIFTY,23478.27,23544.36,23130.98,23425.92,11441457,7379210,64.5,Index,mid
2025-12-04,NIFTY,23202.57,23706.51,23041.9,23527.73,11190410,5104013,45.61,Index,mid
2025-12-05,NIFTY,24001.25,24468.91,23514.83,24019.09,10603210,6722477,63.4,Index,mid
2025-12-08,NIFTY,24146.45,24427.0,23923.43,24143.34,11358159,7719297,67.96,Index,mid
2025-12-09,NIFTY,23906.72,24046.0,23772.17,24043.45,10938445,7088416,64.8,Index,mid
2025-12-10,NIFTY,24049.96,24232.7,23870.38,24023.46,11721985,5582209,47.62,Index,mid
2025-12-11,NIFTY,24973.04,25052.9,24613.53,24757.97,10481854,5993930,57.18,Index,mid
2025-12-12,NIFTY,25046.54,25283.83,24603.93,24935.11,10591743,6721020,63.46,Index,mid
2025-12-15,NIFTY,24931.72,25066.26,24658.2,24818.35,13674765,7348277,53.74,Index,mid
2025-12-16,NIFTY,24967.21,25533.1,24564.6,24964.5,11091891,5482776,49.43,Index,mid
2025-12-17,NIFTY,24936.51,25257.39,24567.85,24960.82,11632489,6853338,58.92,Index,mid
2025-12-18,NIFTY,24882.5,25205.39,24761.48,24942.14,12175878,7149706,58.72,Index,mid
2025-12-19,NIFTY,24451.43,24766.9,24302.5,24687.4,11597132,6141450,52.96,Index,mid
2025-12-22,NIFTY,24283.44,24511.49,23961.91,24112.79,11639889,5654226,48.58,Index,mid
2025-12-23,NIFTY,24145.53,24383.65,24115.71,24142.35,11018661,6641243,60.27,Index,mid
2025-12-24,NIFTY,24074.51,24321.35,23759.72,24018.92,13372229,8638350,64.6,Index,mid
2025-12-25,NIFTY,24035.73,24307.98,23883.72,24087.96,12584894,7390316,58.72,Index,mid
2025-12-26,NIFTY,23882.9,24364.95,23399.46,23835.17,13413891,7746955,57.75,Index,mid
2025-12-29,NIFTY,23180.09,23219.94,22946.0,23193.9,12973223,7066630,54.47,Index,mid
2025-12-30,NIFTY,23150.58,23262.88,23069.73,23143.92,12708811,6742458,53.05,Index,mid
2025-12-31,NIFTY,22976.8,23074.29,22692.9,22948.81,11059721,7489496,67.72,Index,mid
2026-01-01,NIFTY,22659.65,22847.69,22492.98,22591.59,10884896,5284860,48.55,Index,mid
2026-01-02,NIFTY,22870.5,23011.51,22754.68,22844.84,13253412,6754741,50.97,Index,mid
2026-01-05,NIFTY,23247.35,23467.91,22977.59,23048.33,13309775,8964215,67.35,Index,mid
2026-01-06,NIFTY,23255.71,23304.79,23028.4,23099.16,13271082,6380185,48.08,Index,mid
2026-01-07,NIFTY,23235.83,23508.36,22884.6,23203.65,13212852,7667922,58.03,Index,mid
2026-01-08,NIFTY,23340.13,23358.67,23032.44,23113.05,12780062,7186594,56.23,Index,mid
2026-01-09,NIFTY,22681.13,22962.56,22477.26,22707.92,12720719,6891212,54.17,Index,mid
2026-01-12,NIFTY,22621.39,22761.3,22391.86,22546.6,11524532,5237227,45.44,Index,mid
2026-01-13,NIFTY,22692.27,23006.82,22347.44,22640.2,12872722,6676422,51.86,Index,mid
2026-01-14,NIFTY,22568.63,22869.92,22318.57,22569.18,12544571,8338661,66.47,Index,mid
2026-01-15,NIFTY,22589.44,22984.24,22376.76,22644.46,11486475,5294978,46.1,Index,mid
2026-01-16,NIFTY,22421.4,22708.74,22243.77,22446.34,11631697,7119139,61.2,Index,mid
2026-01-19,NIFTY,22594.44,22656.73,22414.89,22528.86,13699268,6820899,49.79,Index,mid
2026-01-20,NIFTY,22998.95,23079.59,22771.96,22883.05,11317802,5293278,46.77,Index,mid
2026-01-21,NIFTY,22893.42,23013.32,22799.51,22896.11,13605253,8697282,63.93,Index,mid
2026-01-22,NIFTY,23297.05,23460.57,23097.25,23203.64,13358320,7396811,55.37,Index,mid
2026-01-23,NIFTY,22837.57,22993.81,22622.61,22727.09,12047170,7904962,65.62,Index,mid
2026-01-26,NIFTY,22495.81,22615.61,22353.53,22552.59,12719366,7484869,58.85,Index,mid
2026-01-27,NIFTY,22510.31,22637.41,22318.83,22603.69,10308547,6745603,65.44,Index,mid
2026-01-28,NIFTY,22611.45,22942.15,22456.3,22686.2,10220018,6338921,62.02,Index,mid
2026-01-29,NIFTY,22517.88,22727.87,22238.13,22627.64,11671696,6956166,59.6,Index,mid
2026-01-30,NIFTY,22997.46,23277.0,22773.75,23049.05,11337343,6570611,57.96,Index,mid
